{

	"C0000X0350-0370":	"Combustibles fossiles solides",
	"C0100":	"Houille",
	"C0110":	"Anthracite",
	"C0121":	"Charbon à coke",
	"C0129":	"Autre charbon bitumineux",
	"C0200":	"Charbon brun",
	"C0210":	"Charbon sous-bitumineux",
	"C0220":	"Lignite",
	"C0311":	"Coke de four à coke",
	"C0320":	"Aggloméré",
	"C0330":	"Briquettes de lignite",
	"C0340":	"Goudron de houille",
	"P1100":	"Tourbe",
	"P1200":	"Produits dérivés de la tourbe",

	"O4000" : "Pétrole et produits pétroliers",
	"O4000XBIO" : "Pétrole et produits pétroliers (à l'exclusion de la part des biocarburants)",
	"O4100_TOT_4200-4500" : "Pétrole brut, LGN, produits d'alimentation des raffineries, additifs et produits oxygénés et autres hydrocarbures",
	"O4100_TOT_4200-4500XBIO" : "Pétrole brut, LGN, produits d'alimentation des raffineries, additifs et composés oxygénés et autres hydrocarbures (à l'exclusion de la partie relative aux biocarburants)",
	"O4100_TOT" : "Pétrole brut",
	"O4200" : "Liquides de gaz naturel",
	"O4300" : "Charges d'alimentation des raffineries",
	"O4400X4410" : "Additifs et produits oxygénés (à l'exclusion de la partie biocarburant)",
	"O4400" : "Additifs et produits oxygénés",
	"O4500" : "Autres hydrocarbures",
	"O4600" : "Produits pétroliers",
	"O4600XBIO" : "Produits pétroliers (à l'exclusion de la part des biocarburants)",
	"O4620" : "Ethane",
	"O4630" : "Gaz de pétrole liquéfiés",
	"O4640" : "Naphte",
	"O4651" : "Essence d'aviation",
	"O4652" : "Essence pour moteur",
	"O4652XR5210B" : "Essence automobile (à l'exclusion de la part des biocarburants)",
	"O4653" : "Carburéacteur de type essence",
	"O4661" : "Carburéacteur de type kérosène",
	"O4661XR5230B" : "Carburéacteur de type kérosène (à l'exclusion de la part des biocarburants)",
	"O4669" : "Autre kérosène",
	"O4671" : "Gazole et gazole",
	"O4671XR5220B" : "Gazole et gazole (à l'exclusion de la part des biocarburants)",
	"O46711" : "Diesel routier",
	"O46712" : "Gazole de chauffage et autres gazoles",
	"O4680" : "Fuel",
	"O4681" : "Fuel-oil (faible teneur en soufre <1%)",
	"O4682" : "Fuel-oil (haute teneur en soufre >1%)",
	"O4691" : "White spirit et eaux-de-vie industrielles à point d'ébullition spécial",
	"O4692" : "Lubrifiants",
	"O4693" : "Cires de paraffine",
	"O4694" : "Coke de pétrole",
	"O4695" : "Bitume",
	"O4699" : "Autres produits pétroliers n.c.a.",
	"R5210B" : "Biogaz mélangé",
	"R5220B" : "Biodiesels mélangés", 
	"R5230B" : "Biocarburants mélangés", 

	"G3000" : "Gaz naturel",
	"G3200" : "Gaz naturel liquéfié",

	"R5111" : "Pellets de bois",
	"R5210P" : "Biogazoline pure",
	"R5210E" : "Bioéthanol",
	"R5220P" : "Biodiesels purs",
	"R5230P": "Kérosène bio-jet pur",	
	"R5290" : "Autres biocarburants liquides",

	"E7000": "Électricité",
	"H8000": "Chaleur",

	"BOX_FUEL_TITLE": "Sélectionnez le carburant",
	"BOX_UNIT_TITLE": "Sélectionnez l'unité",
	"BOX_TRADE_TITLE": "Sélectionnez le type de transaction",	
	"BOX_COUNTRY_TITLE": "Sélectionnez les pays",	
	"BOX_MORE_TITLE": "En savoir plus",
	"BOX_FILTER_TITLE": "Sélectionnez le filtre",
	

	"MENU_FUEL": "Sélectionnez le carburant",	
	"MENU_UNIT": "Sélectionnez l'unité",
	"MENU_TRADE": "Sélectionnez le type de transaction",
	"MENU_MORE": "En savoir plus",
	"MENU_FILTER": "Sélectionnez les pays à afficher",

	"TUTORIAL": "Didacticiel",

	"ENTRADE_EXPLAINED": "Article sur les importations d'énergie",

	"DEFINITIONS": "Afficher les informations",

	"METADATA": "Métadonnées",

	"ENTRADE_DATASET": "Base de données",

	"CONTACT": "Nous contacter",

"MIO_M3": "Million de mètres cubes (MIO_M3)",
"TJ_GCV": "Térajoule (valeur calorifique brute - GCV) (TJ_GCV)",
"THS_T": "Mille tonnes (THS_T)",
"GWH": "Gigawatt-heure (GWH)",

	"imp": "Importations",
	"exp": "Exportations",

	"solid":"Combustibles fossiles solides",
	"oil":"Pétrole et produits pétroliers" , 
	"gas":"Gaz naturel", 
	"biofuels":"Biocarburants ", 
	"electricity":"Électricité et chaleur",



	"nrg_ti_sff" : "Importations de combustibles fossiles solides par pays partenaire",
	"nrg_ti_oil" : "Importations de pétrole et de produits pétroliers par pays partenaire",
	"nrg_ti_gas" : "Importations de gaz naturel par pays partenaire",
	"nrg_ti_bio" : "Importations de biocarburants par pays partenaire",
	"nrg_ti_eh" : "Importations d'électricité et de chaleur par pays partenaire",
	"nrg_te_sff" : "Exportations de combustibles fossiles solides par pays partenaire",
	"nrg_te_oil" : "Exportations de pétrole et de produits pétroliers par pays partenaire",
	"nrg_te_gas" : "Exportations de gaz naturel par pays partenaire",
	"nrg_te_bio" : "Exportations de biocarburants par pays partenaire",
	"nrg_te_eh" : "Exportations d'électricité et de chaleur par pays partenaire",


	"NSP": "Non spécifié",
	"TOTAL": "Total",
	"ASI_OTH": "Autre(s) pays d'Asie (agrégat variable en fonction du contexte)",
	"ASI_NME_OTH": "Autre(s) pays du Proche et Moyen-Orient",
	"AME_OTH": "Autre(s) pays d'Amérique (agrégat variable en fonction du contexte)",
	"AFR_OTH": "Autre(s) pays d'Afrique (agrégat variable en fonction du contexte)",
	"EUR_OTH": "Autre(s) pays européen(s) (agrégat variable en fonction du contexte)",
	"EX_SU_OTH" : "Autres pays de l'ex-Union soviétique (avant 1991)",
	



	"all" : "Tous les pays",
	"top10" : "Les 10 premiers pays",
	"top25" : "Les 25 premiers pays",
	
	"FLAG_NA": "Non disponible",
	"FLAG_C": "Confidentiel",
	"FLAG_P": "Provisoire",
	"FLAG_E": "Estimé",
	"FLAG_N": "Non significatif",
	"FLAG_B": "Rupture de série",
	"FLAG_S": "Estimation Eurostat",
	"FLAG_F": "Prévision",
	"FLAG_U": "Peu fiable",
	"FLAG_D": "Définition différente, voir métadonnées ",
	"FLAG_I": "Voir métadonnées",
	"FLAG_R": "Révisé",
	"FLAG_Z": "Non applicable",

"error": "Veuillez sélectionner un pays de l'Union européenne, des pays candidats ou candidats potentiels ou un pays membre de la Communauté de l'énergie",
"error2": "Aucune donnée disponible pour",
"error3": "Veuillez d'abord sélectionner un pays européen",
"TitleError3": "Erreur d'options de filtrage",
"nodata": "Aucune donnée disponible",

"timeChartTitle": "Chronologie du commerce de l'énergie",
"timeChartSub": "Valeurs dans",

"title1": "Pays",
"title2": "Valeurs",
"title3": "Agregate",
"title4": "De",
"title5": "pour",
"title6": "de",
"title7": "Télécharger l'ensemble de données",
"title8": "Vue de table",
"title9": " pour l'année sélectionnée",

"allbtn": "Tous",
"top5btn": "Top 5",
"top10btn": "Top 10",
"top25btn": "Top 25",

"abr_THS_T": "Kt",
"abr_MIO_M3": "Mm3",
"abr_TJ_GCV": "Tj",
"abr_GWH": "GWH",

"header-title-label" : "Commerce de l'énergie",

"btn1": "Afficher les informations",
"btn2": "Afficher le graphique à secteurs",
"btn3": "Afficher le graphique à barres",
"btn4": "Afficher le diagramme chronologique",
"btn5": "Afficher la définition",
"btn6": "Lire l'animation",
"btn7": "Effacer la carte",

"TABTITLE0": "Définitions",

  "TABTITLE1": "Données énergétiques",
  "TAB1": "Les statistiques de l'énergie sont au cœur de l'actualité en raison de leur importance stratégique pour une croissance économique compétitive et durable. Ces dernières années, l'Union européenne a été confrontée à de nombreux enjeux énergétiques importants, qui ont fait de l'énergie une priorité dans les agendas politiques et national. Les statistiques de l'énergie ont alors permis de fournir des informations essentielles aux responsables politiques. Afin de répondre aux besoins croissants des responsables politiques de disposer de données sur de l'énergie, Eurostat a élaboré un système cohérent et harmonisé de statistiques de l'énergie. Les collectes de données annuelles, semestrielles et mensuelles couvrent les États membres de l'UE, les pays de l'Espace économique européen, les pays candidats et les candidats potentiels à l'adhésion ainsi que les parties contractantes de la Communauté de l'énergie.",

  "TABTITLE2": "Données énergétiques anuelles",
  "TAB2": "Ce sont des données annuelles sur le pétrole brut, les produits pétroliers, le gaz naturel, l'électricité, la chaleur dérivée, les combustibles fossiles solides, les énergies renouvelables et les déchets, couvrant la totalité des postes des bilans énergétiques, de l'approvisionnement à la consommation finale d'énergie en passant par la transformation par secteur et par type de combustible. Eurostat a mis au point un <a href=\"//ec.europa.eu/eurostat/cache/sankey/energy/sankey.html\" target=\"_self\"><u>outil interactif</u></a> pour visualiser les données annuelles de l'énergie au moyen de diagrammes de flux (également appelés diagrammes Sankey). L'outil vous permet de créer et de personnaliser votre propre diagramme en jouant avec différentes options (pays, année, carburant, niveau de détail, etc.).",

  "TABTITLE3": "Données énergétiques mensuelles",
  "TAB3": "Eurostat collecte et publie des données mensuelles concernant l'approvisionnement et dans une certaine mesure la demande de différents produits énergétiques; ces données couvrent actuellement le charbon / combustibles fossiles solides, le gaz naturel, le pétrole et les produits pétroliers et l'électricité. Eurostat a mis au point un outil interactif pour visualiser les données mensuelles.",

  "TABTITLE4": "Prix de l’énergie",
  "TAB4": "Ce sont des données semestrielles et annuelle sur les prix de l'électricité et du gaz naturel facturés aussi bien aux clients non-résidentiels qu'aux clients résidentiels et pour différentes catégories de consommation. Les prix semestriels sont annoncés hors taxes, TVA comprise et toutes taxes comprises. Les prix annuels sont des composants plus détaillés du prix de l’énergie, du réseau et des taxes. Ils comprennent aussi un prix moyen national par sous-composant. Eurostat a mis au point un <a href=\"//ec.europa.eu/eurostat/cache/infographs/energy_prices/enprices.html\" target=\"_self\"><u>outil interactif</u></a> pour visualiser les données sur les prix de l’électricité et du gaz naturel.",

  "TABTITLE5": "Indicateurs énergétiques",
  "TAB5": "Eurostat produit un sélection d'indicateurs énergétiques couvrant les principaux domaines de la politique européenne (par exemple, la part d'énergie produite à partir de sources d'énergie renouvelables). Eurostat a mis au point un outil interactif pour visualiser les plus importants indicateurs énergétiques.",
  "mobileWarning": "Cet outil n'est pas conçu pour les petits écrans. Merci de votre compréhension",
  
  "EL": "Grèce",
  "UK": "Royaume-Uni",
  "XK": "Kosovo (en vertu de la résolution 1244/99 du Conseil de sécurité des Nations Unies)",
  "KS": "Kosovo (en vertu de la résolution 1244/99 du Conseil de sécurité des Nations Unies)",
  "XKmobile": "Kosovo",
  "other": "Autre",
  "AF" : "Afghanistan",
  "ZA" : "Afrique du Sud",
  "AX" : "Îles Åland",
  "AL" : "Albanie",
  "DZ" : "Algérie",
  "DE" : "Allemagne",
  "AD" : "Andorre",
  "AO" : "Angola",
  "AI" : "Anguilla",
  "AQ" : "Antarctique",
  "AG" : "Antigua-et-Barbuda",
  "SA" : "Arabie saoudite",
  "AR" : "Argentine",
  "AM" : "Arménie",
  "AW" : "Aruba",
  "AU" : "Australie",
  "AT" : "Autriche",
  "AZ" : "Azerbaïdjan",
  "BS" : "Bahamas",
  "BH" : "Bahreïn",
  "BD" : "Bangladesh",
  "BB" : "Barbade",
  "BY" : "Biélorussie",
  "BE" : "Belgique",
  "BZ" : "Belize",
  "BJ" : "Bénin",
  "BM" : "Bermudes",
  "BT" : "Bhoutan",
  "BO" : "Bolivie",
  "BQ" : "Pays-Bas caribéens",
  "BA" : "Bosnie-Herzégovine",
  "BW" : "Botswana",
  "BV" : "Île Bouvet",
  "BR" : "Brésil",
  "BN" : "Brunei",
  "BG" : "Bulgarie",
  "BF" : "Burkina Faso",
  "BI" : "Burundi",
  "KY" : "Îles Caïmans",
  "KH" : "Cambodge",
  "CM" : "Cameroun",
  "CA" : "Canada",
  "CV" : "Cap-Vert",
  "CF" : "République centrafricaine",
  "CL" : "Chili",
  "CN" : "Chine",
  "CX" : "Île Christmas",
  "CY" : "Chypre ",
  "CC" : "Îles Cocos",
  "CO" : "Colombie",
  "KM" : "Comores ",
  "CG" : "République du Congo",
  "CD" : "République démocratique du Congo",
  "CK" : "Îles Cook",
  "KR" : "Corée du Sud",
  "KP" : "Corée du Nord",
  "CR" : "Costa Rica",
  "CI" : "Côte d'Ivoire",
  "HR" : "Croatie",
  "CU" : "Cuba",
  "CW" : "Curaçao",
  "DK" : "Danemark",
  "DJ" : "Djibouti",
  "DO" : "République dominicaine",
  "DM" : "Dominique",
  "EG" : "Égypte",
  "SV" : "Salvador",
  "AE" : "Émirats arabes unis",
  "EC" : "Équateur ",
  "ER" : "Érythrée",
  "ES" : "Espagne",
  "EE" : "Estonie",
  "US" : "États-Unis",
  "ET" : "Éthiopie",
  "FK" : "Malouines",
  "FO" : "Îles Féroé",
  "FJ" : "Fidji",
  "FI" : "Finlande",
  "FR" : "France",
  "GA" : "Gabon",
  "GM" : "Gambie",
  "GE" : "Géorgie ",
  "GS" : "Géorgie du Sud-et-les îles Sandwich du Sud",
  "GH" : "Ghana",
  "GI" : "Gibraltar",
  "GR" : "Grèce",
  "GD" : "Grenade ",
  "GL" : "Groenland",
  "GP" : "Guadeloupe",
  "GU" : "Guam",
  "GT" : "Guatemala",
  "GG" : "Guernesey",
  "GN" : "Guinée",
  "GW" : "Guinée-Bissau",
  "GQ" : "Guinée équatoriale",
  "GY" : "Guyana",
  "GF" : "Guyane",
  "HT" : "Haïti",
  "HM" : "Îles Heard-et-MacDonald",
  "HN" : "Honduras",
  "HK" : "Hong Kong",
  "HU" : "Hongrie",
  "IM" : "Île de Man",
  "UM" : "Îles mineures éloignées des États-Unis",
  "VG" : "Îles Vierges britanniques",
  "VI" : "Îles Vierges des États-Unis",
  "IN" : "Inde",
  "ID" : "Indonésie",
  "IR" : "Iran",
  "IQ" : "Irak",
  "IE" : "Irlande ",
  "IS" : "Islande",
  "IL" : "IsraÃ«l",
  "IT" : "Italie",
  "JM" : "Jamaïque",
  "JP" : "Japon",
  "JE" : "Jersey",
  "JO" : "Jordanie",
  "KZ" : "Kazakhstan",
  "KE" : "Kenya",
  "KG" : "Kirghizistan",
  "KI" : "Kiribati",
  "KW" : "Koweït",
  "LA" : "Laos",
  "LS" : "Lesotho",
  "LV" : "Lettonie",
  "LB" : "Liban",
  "LR" : "Liberia",
  "LY" : "Libye",
  "LI" : "Liechtenstein",
  "LT" : "Lituanie",
  "LU" : "Luxembourg ",
  "MO" : "Macao",
  "MK" : "Macédoine du Nord",
  "MG" : "Madagascar",
  "MY" : "Malaisie",
  "MW" : "Malawi",
  "MV" : "Maldives",
  "ML" : "Mali",
  "MT" : "Malte",
  "MP" : "Îles Mariannes du Nord",
  "MA" : "Maroc",
  "MH" : "Îles Marshall ",
  "MQ" : "Martinique",
  "MU" : "Maurice ",
  "MR" : "Mauritanie",
  "YT" : "Mayotte",
  "MX" : "Mexique",
  "FM" : "États fédérés de Micronésie ",
  "MD" : "Moldavie",
  "MC" : "Monaco",
  "MN" : "Mongolie",
  "ME" : "Monténégro",
  "MS" : "Montserrat",
  "MZ" : "Mozambique",
  "MM" : "Birmanie",
  "NA" : "Namibie",
  "NR" : "Nauru",
  "NP" : "Népal",
  "NI" : "Nicaragua",
  "NE" : "Niger",
  "NG" : "Nigeria",
  "NU" : "Niue",
  "NF" : "Île Norfolk",
  "NO" : "Norvège",
  "NC" : "Nouvelle-Calédonie",
  "NZ" : "Nouvelle-Zélande",
  "IO" : "Territoire britannique de l'océan Indien",
  "OM" : "Oman",
  "UG" : "Ouganda",
  "UZ" : "Ouzbékistan",
  "PK" : "Pakistan",
  "PW" : "Palaos",
  "PS" : "Palestine",
  "PA" : "Panama",
  "PG" : "Papouasie-Nouvelle-Guinée",
  "PY" : "Paraguay",
  "NL" : "Pays-Bas",
  "PE" : "Pérou",
  "PH" : "Philippines",
  "PN" : "Îles Pitcairn",
  "PL" : "Pologne",
  "PF" : "Polynésie française",
  "PR" : "Porto Rico",
  "PT" : "Portugal",
  "QA" : "Qatar",
  "RE" : "La Réunion",
  "RO" : "Roumanie",
  "GB" : "Royaume-Uni",
  "RU" : "Russie",
  "RW" : "Rwanda",
  "EH" : "République arabe sahraouie démocratique",
  "BL" : "Saint-Barthélemy",
  "KN" : "Saint-Christophe-et-Niévès",
  "SM" : "Saint-Marin",
  "MF" : "Saint-Martin",
  "SX" : "Saint-Martin",
  "PM" : "Saint-Pierre-et-Miquelon",
  "VA" : "Saint-Siège (État de la Cité du Vatican)",
  "VC" : "Saint-Vincent-et-les-Grenadines",
  "SH" : "Sainte-Hélène, Ascension et Tristan da Cunha",
  "LC" : "Sainte-Lucie",
  "SB" : "Salomon",
  "WS" : "Samoa",
  "AS" : "Samoa américaines",
  "ST" : "Sao Tomé-et-Principe",
  "SN" : "Sénégal",
  "RS" : "Serbie",
  "SC" : "Seychelles",
  "SL" : "Sierra Leone",
  "SG" : "Singapour",
  "SK" : "Slovaquie",
  "SI" : "Slovénie",
  "SO" : "Somalie",
  "SD" : "Soudan",
  "SS" : "Soudan du Sud",
  "LK" : "Sri Lanka",
  "SE" : "Suède",
  "CH" : "Suisse",
  "SR" : "Suriname",
  "SJ" : "Svalbard et ile Jan Mayen",
  "SZ" : "Eswatini",
  "SY" : "Syrie",
  "TW" : "Taïwan",
  "TZ" : "Tanzanie",
  "TD" : "Tchad",
  "CZ" : "Tchéquie",
  "TF" : "Terres australes et antarctiques françaises",
  "TH" : "Thaïlande",
  "TL" : "Timor oriental",
  "TG" : "Togo",
  "TK" : "Tokelau",
  "TO" : "Tonga",
  "TT" : "Trinité-et-Tobago",
  "TN" : "Tunisie",
  "TM" : "Turkménistan",
  "TC" : "Îles Turques-et-Caïques",
  "TR" : "Turquie",
  "TV" : "Tuvalu",
  "UA" : "Ukraine",
  "UY" : "Uruguay",
  "VU" : "Vanuatu",
  "VE" : "Venezuela",
  "VN" : "Viêt Nam",
  "WF" : "Wallis-et-Futuna",
  "YE" : "Yémen",
  "ZM" : "Zambie",
  "ZW" : "Zimbabwe",

  "LINKS": "Liens",
  "COOKIES": "Cookies",
	"PRIVACY": "Protection de la vie privée",
	"LEGAL": "Avis juridique",

  "DISCLAIMER": "Les désignations employées et la présentation des éléments sur la carte n'impliquent l'expression d'aucune opinion de la part de l'Union européenne concernant le statut juridique d'un pays, d'un territoire ou d'une zone ou de ses autorités, ou concernant la délimitation de ses frontières ou des frontières. Kosovo* - Cette désignation est sans préjudice des positions sur le statut et est conforme à la résolution 1244/1999 du CSNU et à l'avis de la CIJ sur la déclaration d'indépendance du Kosovo.",
  "DISCLAIMERTITLE": "Avertissement",

  "COOKIETEXT": "Ce site utilise des cookies pour am\u00e9liorer la navigation. En savoir plus sur <a href=\"//ec.europa.eu/cookies/index_fr.htm\" target=\"_self\">la mani\u00e8re dont nous utilisons les cookies</a>", 
  "COOKIECOMPLETEclose": "Fermer",
  "COOKIECOMPLETEacceptAll": "Accepter tous les cookies",
  "COOKIECOMPLETEonlyTechnical": "N\u2019accepter que les cookies essentiels",
  "COOKIECOMPLETE": "Vos pr\u00e9f\u00e9rences en mati\u00e8re de cookies ont \u00e9t\u00e9 sauvegard\u00e9es. Pour modifier vos pr\u00e9f\u00e9rences \u00e0 tout moment, consultez notre <a href=\"//ec.europa.eu/info/cookies_fr\" target=\"_self\">politique sur les cookies</a> ou cliquez sur le lien dans le pied de page.",

  "tutBACK": "Retour",
  "tutNEXT": "Suivant",
  "tutFINISH": "Fermer",
  "MENU_YEAR": "Sélectionner une année",
  "EXPORT_FOOTER_TITLE": "Source : Eurostat",
  "DB": "Accès au jeu de données",
  "UNIT": "Unité",
  "YEAR": "Année",
  "TRADE": "Commerce",
  "MAINMENU": "Afficher menu",
  "COUNTRY": "Pays",
  "FUEL": "Carburant",
  "CONSUMER": "Consommateur",
  "REFERENCE": "Période de référence",
  "CONSUME": "Niveau de consommation",
  "FEED": "Commentaires",
  "TOOLS": "Outils",
  "%": "en pourcentage",
  "TOGGLEAGREGATES": "Afficher les agrégats",
  "SELITEN": "Sélectionner un élément",
  "NORESULTS": "Aucun résultat trouvé",
  "SELALL": "Tout sélectionner",
  "CLOSE": "Fermer",
  "KEYWORD": "Saisir un mot-clé",
  "infoBtn": "Afficher les infos",
  "downloadBtn": "Télécharger l'image du graphique",
  "shareBtn": "Partager le graphique",
  "embebedBtn": "Intégrer le graphique (iframe)",
  "shareChart": "Partager sur les réseaux sociaux",
  "toggleAgregates": "Afficher les agrégats",
  "tb-togle-order": "Sélectionner l'ordre du graphique",
  "tb-togle-table": "Afficher la table",
  "barChart": "Afficher le graphique en barres",
  "pieChart": "Afficher le graphique circulaire",
  "lineChart": "Afficher le graphique linéaire",
  "depChart": "Afficher le graphique de la roue de dépendance",
  "table": "Afficher la table",
  "createprintChart": "Imprimer le graphique",
  "downloadChart": "Télécharger l'image du graphique",
  "downloadExcel": "Télécharger les données du graphique",
  "embebedeChart": "Intégrer le graphique (iframe)",
  "closeChart": "Fermer",
  "twitter": "X",
  "linkedin": "Linkedin",
  "facebook": "Facebook",
  "ACCESS": "Accessibilité",
  "PRODUCT": "Sélectionner un produit",
  "PRO": "Produit",
  "TRADETITLE": "Commerce de l'énergie",
  "FACTSHEET": "Ouvrir la fiche d'information",
  "DEPTITLE": "Commerce mondial de",
  "top5": "Afficher les 5 premiers pays",
  "OTH": "Autres",

  "HOME": "Home",
  "ZIN": "Zoomer",
  "ZOUT": "Zoom arrière",
  "PLEIN": "Plein écran",
  "CLEAR": "Effacer la carte",

  "SELECTLANGUAGE": "Sélectionner la langue",
  "OFFICIAL": "Langues officielles de l'UE :",
  "AGGREGATE": "Agrégat",
  "EUCTR": "Pays de l'UE",
  "EFTA": "Pays de l'AELE",
  "ENLARGEMENT": "Pays en élargissement",
  "OTHERCTR": "Autres pays tiers",
	"NODATA": "Aucune donnée disponible pour la sélection actuelle."

  

	
}