{


	
  	"C0000X0350-0370": "Solid fossil fuels",
	"C0100": "Hard coal",
	"C0110": "Anthracite",
	"C0121": "Coking coal",
	"C0129": "Other bituminous coal",
	"C0200": "Brown coal",
	"C0210": "Sub-bituminous coal",
	"C0220": "Lignite",
	"C0311": "Coke oven coke",
	"C0320": "Patent fuel",
	"C0330": "Brown coal briquettes",
	"C0340": "Coal tar",
	"P1100": "Peat",
	"P1200": "Peat products",

	"O4000": "Oil and petroleum products",
	"O4000XBIO": "Oil and petroleum products (excluding biofuel portion)",
	"O4100_TOT_4200-4500": "Crude oil, NGL, refinery feedstocks, additives and oxygenates and other hydrocarbons",
	"O4100_TOT_4200-4500XBIO": "Crude oil, NGL, refinery feedstocks, additives and oxygenates and other hydrocarbons (excluding biofuel portion)",
	"O4100_TOT": "Crude oil",
	"O4200": "Natural gas liquids",
	"O4300": "Refinery feedstocks",
	"O4400X4410": "Additives and oxygenates (excluding biofuel portion)",
	"O4400": "Additives and oxygenates",
	"O4500": "Other hydrocarbons",
	"O4600": "Oil products",
	"O4600XBIO": "Oil products (excluding biofuel portion)",
	"O4620": "Ethane",
	"O4630": "Liquefied petroleum gases",
	"O4640": "Naphtha",
	"O4651": "Aviation gasoline",
	"O4652": "Motor gasoline",
	"O4652XR5210B": "Motor gasoline (excluding biofuel portion)",
	"O4653": "Gasoline-type jet fuel",
	"O4661": "Kerosene-type jet fuel",
	"O4661XR5230B": "Kerosene-type jet fuel (excluding biofuel portion)",
	"O4669": "Other kerosene",
	"O4671": "Gas oil and diesel oil",
	"O4671XR5220B": "Gas oil and diesel oil (excluding biofuel portion)",
	"O46711": "Road diesel",
	"O46712": "Heating and other gasoil",
	"O4680": "Fuel oil",
	"O4681": "Fuel oil (low sulphur <1%)",
	"O4682": "Fuel oil (high sulphur >1%)",
	"O4691": "White spirit and special boiling point industrial spirits",
	"O4692": "Lubricants",
	"O4693": "Paraffin waxes",
	"O4694": "Petroleum coke",
	"O4695": "Bitumen",
	"O4699": "Other oil products n.e.c.",
	"R5210B": "Blended biogasoline",
	"R5220B": "Blended biodiesels", 
	"R5230B": "Blended bio jet kerosene", 

	"G3000": "Natural gas",
	"G3200": "Liquefied natural gas",

	"R5111": "Wood pellets",
	"R5210P": "Pure biogasoline",
	"R5210E": "Bioethanol",
	"R5220P": "Pure biodiesels",
	"R5230P": "Pure bio jet kerosene",	
	"R5290": "Other liquid biofuels",

	"E7000": "Electricity",
	"H8000": "Heat",

	"BOX_FUEL_TITLE": "Select fuel",
	"BOX_UNIT_TITLE": "Select unit",
	"BOX_TRADE_TITLE": "Select Trade",	
	"BOX_COUNTRY_TITLE": "Select countries",	
	"BOX_MORE_TITLE": "Find out more",
	"BOX_FILTER_TITLE": "Select filter",
	

	"MENU_FUEL": "Select fuel",	
	"MENU_UNIT": "Select unit",
	"MENU_TRADE": "Select trade",
	"MENU_MORE": "Find out more",
	"MENU_FILTER": "Select countries to display",

	"TUTORIAL": "Tutorial",

	"ENTRADE_EXPLAINED": "Trade explained",

	"DEFINITIONS": "Show information",

	"METADATA": "Metadata",

	"ENTRADE_DATASET": "Trade dataset",

	"CONTACT": "Contact us",

	"MIO_M3": "Million cubic metres (MIO_M3)",
	"TJ_GCV": "Terajoule (gross calorific value - GCV) (TJ_GCV)",
	"THS_T": "Thousand tonnes (THS_T)",
	"GWH": "Gigawatt-hour (GWH)",


	"imp": "Imports",
	"exp": "Exports",

	"solid":"Solid fossil fuels",
	"oil":"Oil and petroleum" , 
	"gas":"Natural gas", 
	"bio":"Biofuels ", 
	"electricity":"Electricity and heat",


	"nrg_ti_sff": "Imports of solid fossil fuels by partner country",
	"nrg_ti_oil": "Imports of oil and petroleum products by partner country",
	"nrg_ti_gas": "Imports of natural gas by partner country",
	"nrg_ti_bio": "Imports of biofuels by partner country",
	"nrg_ti_eh": "Imports of electricity and heat by partner country",
	"nrg_te_sff": "Exports of solid fossil fuels by partner country",
	"nrg_te_oil": "Exports of oil and petroleum products by partner country",
	"nrg_te_gas": "Exports of natural gas by partner country",
	"nrg_te_bio": "Exports of biofuels by partner country",
	"nrg_te_eh": "Exports of electricity and heat by partner country",


	"NSP": "Not specified",
	"TOTAL": "Total",
	"ASI_OTH": "Other Asian countries (aggregate changing according to the context)",
	"ASI_NME_OTH": "Other Near and Middle East Asian countries",
	"AME_OTH": "Other American countries (aggregate changing according to the context)",
	"AFR_OTH": "Other African countries (aggregate changing according to the context)",
	"EUR_OTH": "Other european countries (aggregate changing according to the context)",
	"EX_SU_OTH": "Other countries of former Soviet Union (before 1991)",
	





	"FLAG_NA": "Not available",
	"FLAG_C": "Confidential",
	"FLAG_P": "provisional",
	"FLAG_E": "estimated",
	"FLAG_N": "not significant",
	"FLAG_B": "break in time series",
	"FLAG_S": "Eurostat estimate",
	"FLAG_F": "forecast",
	"FLAG_U": "low reliability",
	"FLAG_D": "definition differs, see metadata",
	"FLAG_I": "see metadata",
	"FLAG_R": "revised",
	"FLAG_Z": "not applicable",	
	
"error": "Please select a country from the European Union, candidate or potential candidate countries or a country member of the Energy Community",
"error2": "No data available for ",
"error3": "Please select a european country first",
"TitleError3": "Filter options error",
"nodata": "No data available",

"timeChartTitle": "Energy trade timeline",
"timeChartSub": "Values in",

"title1": "Countries",
"title2": "Values",
"title3": "Aggregate",
"title4": "From",
"title5": "to",
"title6": "of",
"title7": "Download dataset",
"title8": "Table view",
"title9": " for the selected year",

"allbtn":"All",
"top5btn":"Top 5",
"top10btn":"Top 10",
"top25btn":"Top 25",

"abr_THS_T": "Kt",
"abr_MIO_M3": "Mm3",
"abr_TJ_GCV": "Tj",
"abr_GWH": "GWH",
"TJ": "Terajoule",

"header-title-label" : "Energy Trade",

"btn1" : "Show info",
"btn2" : "Show pie chart",
"btn3" : "Show bar chart",
"btn4" : "Show time-line chart",
"btn5" : "Show definition",
"btn6" : "Play animation",
"btn7" : "Clear map",

"inftitle": "Energy data",

  "TABTITLE1": "Energy data",
  "TAB1": "Energy statistics are in the spotlight due to their strategic importance to the drive towards competitive and sustainable economic growth. In recent years, the European Union has faced a number of important energy issues related to e.g. climate change, energy security and affordability. These have pushed the topic of energy towards the top of national and European political agendas, with energy statistics providing key information for policy makers. In order to meet policy makers' growing needs for data on energy, Eurostat has developed a coherent and harmonised system of energy statistics. Annual, half-yearly and monthly data collections cover the Member States of the EU, European Economic Area countries, candidate countries, potential candidates and Energy Community Contracting Partners.",

  "TABTITLE2": "Annual energy data",
  "TAB2": "These are annual data on crude oil, oil products, natural gas, electricity, derived heat, solid fossil fuels, renewables and wastes covering the full spectrum of the energy balance positions from supply through transformation to final energy consumption by sector and fuel type.  Eurostat has developed an <a href=\"//ec.europa.eu/eurostat/cache/sankey/energy/sankey.html\" target=\"_self\"><u>interactive tool</u></a>  to visualise annual energy data by means of flow diagrams (also called Sankey diagrams). The tool allows you to build and customise your own diagram by playing with different options (country, year, fuel, level of detail, etc.).",

  "TABTITLE3": "Monthly energy data",
  "TAB3": "Eurostat collects and publishes monthly energy data on supply and to a limited extent consumption of various fuels; this data currently covers the coals / solid fossil fuels, natural gas, oil and petroleum products and electricity. Eurostat has developed an interactive tool to visualise monthly energy data.",

  "TABTITLE4": "Energy prices",
  "TAB4": "These are half-yearly and yearly data on electricity and natural gas prices provided for both final non-households as well as for households customers and for different consumption bands. Half-yearly prices are provided without taxes, with VAT and with all taxes included. Yearly data consist of more disaggregated prices on the energy cost, the network cost and the taxes. In addition, it also includes national average prices for each of these disaggregated sub-components. Eurostat has developed an <a href=\"//ec.europa.eu/eurostat/cache/infographs/energy_prices/enprices.html\" target=\"_self\"><u>interactive tool</u></a> to visualise energy prices data.",

  "TABTITLE5": "Energy indicators",
  "TAB5": "Eurostat produces some selected energy indicators covering the major European policy areas (for example: the share of energy from renewable sources). Eurostat has developed an interactive tool to visualise energy indicators.",
  "mobileWarning": "This tool is not designed for small screens. Thank you for your understanding",

"EL": "Greece",
"UK": "United Kingdom",
"XK": "Kosovo (under United Nations Security Council resolution 1244/99)",
"KS": "Kosovo (under United Nations Security Council resolution 1244/99)",
"XKmobile": "Kosovo",
"other": "Other",
 "AF" : "Afghanistan",
 "AX" : "Åland Islands",
 "AL" : "Albania",
 "DZ" : "Algeria",
 "AS" : "American Samoa",
 "AD" : "Andorra",
 "AO" : "Angola",
 "AI" : "Anguilla",
 "AQ" : "Antarctica",
 "AG" : "Antigua and Barbuda",
 "AR" : "Argentina",
 "AM" : "Armenia",
 "AW" : "Aruba",
 "AU" : "Australia",
 "AT" : "Austria",
 "AZ" : "Azerbaijan",
 "BS" : "Bahamas",
 "BH" : "Bahrain",
 "BD" : "Bangladesh",
 "BB" : "Barbados",
 "BY" : "Belarus",
 "BE" : "Belgium",
 "BZ" : "Belize",
 "BJ" : "Benin",
 "BM" : "Bermuda",
 "BT" : "Bhutan",
 "BO" : "Bolivia (Plurinational State of)",
 "BQ" : "Bonaire, Sint Eustatius and Saba",
 "BA" : "Bosnia and Herzegovina",
 "BW" : "Botswana",
 "BV" : "Bouvet Island",
 "BR" : "Brazil",
 "IO" : "British Indian Ocean Territory",
 "BN" : "Brunei Darussalam",
 "BG" : "Bulgaria",
 "BF" : "Burkina Faso",
 "BI" : "Burundi",
 "CV" : "Cabo Verde",
 "KH" : "Cambodia",
 "CM" : "Cameroon",
 "CA" : "Canada",
 "KY" : "Cayman Islands",
 "CF" : "Central African Republic",
 "TD" : "Chad",
 "CL" : "Chile",
 "CN" : "China",
 "CX" : "Christmas Island",
 "CC" : "Cocos (Keeling) Islands",
 "CO" : "Colombia",
 "KM" : "Comoros",
 "CG" : "Congo",
 "CD" : "Congo, Democratic Republic of the",
 "CK" : "Cook Islands",
 "CR" : "Costa Rica",
 "CI" : "Côte d´Ivoire",
 "HR" : "Croatia",
 "CU" : "Cuba",
 "CW" : "Curaçao",
 "CY" : "Cyprus",
 "CZ" : "Czechia",
 "DK" : "Denmark",
 "DJ" : "Djibouti",
 "DM" : "Dominica",
 "DO" : "Dominican Republic",
 "EC" : "Ecuador",
 "EG" : "Egypt",
 "SV" : "El Salvador",
 "GQ" : "Equatorial Guinea",
 "ER" : "Eritrea",
 "EE" : "Estonia",
 "SZ" : "Eswatini",
 "ET" : "Ethiopia",
 "FK" : "Falkland Islands (Malvinas)",
 "FO" : "Faroe Islands",
 "FJ" : "Fiji",
 "FI" : "Finland",
 "FR" : "France",
 "GF" : "French Guiana",
 "PF" : "French Polynesia",
 "TF" : "French Southern Territories",
 "GA" : "Gabon",
 "GM" : "Gambia",
 "GE" : "Georgia",
 "DE" : "Germany",
 "GH" : "Ghana",
 "GI" : "Gibraltar",
 "GR" : "Greece",
 "GL" : "Greenland",
 "GD" : "Grenada",
 "GP" : "Guadeloupe",
 "GU" : "Guam",
 "GT" : "Guatemala",
 "GG" : "Guernsey",
 "GN" : "Guinea",
 "GW" : "Guinea-Bissau",
 "GY" : "Guyana",
 "HT" : "Haiti",
 "HM" : "Heard Island and McDonald Islands",
 "VA" : "Holy See",
 "HN" : "Honduras",
 "HK" : "Hong Kong",
 "HU" : "Hungary",
 "IS" : "Iceland",
 "IN" : "India",
 "ID" : "Indonesia",
 "IR" : "Iran (Islamic Republic of)",
 "IQ" : "Iraq",
 "IE" : "Ireland",
 "IM" : "Isle of Man",
 "IL" : "Israel",
 "IT" : "Italy",
 "JM" : "Jamaica",
 "JP" : "Japan",
 "JE" : "Jersey",
 "JO" : "Jordan",
 "KZ" : "Kazakhstan",
 "KE" : "Kenya",
 "KI" : "Kiribati",
 "KP" : "Korea (Democratic People's Republic of)",
 "KR" : "Korea, Republic of",
 "KW" : "Kuwait",
 "KG" : "Kyrgyzstan",
 "LA" : "Lao People's Democratic Republic",
 "LV" : "Latvia",
 "LB" : "Lebanon",
 "LS" : "Lesotho",
 "LR" : "Liberia",
 "LY" : "Libya",
 "LI" : "Liechtenstein",
 "LT" : "Lithuania",
 "LU" : "Luxembourg",
 "MO" : "Macao",
 "MG" : "Madagascar",
 "MW" : "Malawi",
 "MY" : "Malaysia",
 "MV" : "Maldives",
 "ML" : "Mali",
 "MT" : "Malta",
 "MH" : "Marshall Islands",
 "MQ" : "Martinique",
 "MR" : "Mauritania",
 "MU" : "Mauritius",
 "YT" : "Mayotte",
 "MX" : "Mexico",
 "FM" : "Micronesia (Federated States of)",
 "MD" : "Moldova, Republic of",
 "MC" : "Monaco",
 "MN" : "Mongolia",
 "ME" : "Montenegro",
 "MS" : "Montserrat",
 "MA" : "Morocco",
 "MZ" : "Mozambique",
 "MM" : "Myanmar",
 "NA" : "Namibia",
 "NR" : "Nauru",
 "NP" : "Nepal",
 "NL" : "Netherlands",
 "NC" : "New Caledonia",
 "NZ" : "New Zealand",
 "NI" : "Nicaragua",
 "NE" : "Niger",
 "NG" : "Nigeria",
 "NU" : "Niue",
 "NF" : "Norfolk Island",
 "MK" : "North Macedonia",
 "MP" : "Northern Mariana Islands",
 "NO" : "Norway",
 "OM" : "Oman",
 "PK" : "Pakistan",
 "PW" : "Palau",
 "PS" : "Palestine, State of",
 "PA" : "Panama",
 "PG" : "Papua New Guinea",
 "PY" : "Paraguay",
 "PE" : "Peru",
 "PH" : "Philippines",
 "PN" : "Pitcairn",
 "PL" : "Poland",
 "PT" : "Portugal",
 "PR" : "Puerto Rico",
 "QA" : "Qatar",
 "RE" : "RÃ©union",
 "RO" : "Romania",
 "RU" : "Russian Federation",
 "RW" : "Rwanda",
 "BL" : "Saint BarthÃ©lemy",
 "SH" : "Saint Helena, Ascension and Tristan da Cunha",
 "KN" : "Saint Kitts and Nevis",
 "LC" : "Saint Lucia",
 "MF" : "Saint Martin (French part)",
 "PM" : "Saint Pierre and Miquelon",
 "VC" : "Saint Vincent and the Grenadines",
 "WS" : "Samoa",
 "SM" : "San Marino",
 "ST" : "Sao Tome and Principe",
 "SA" : "Saudi Arabia",
 "SN" : "Senegal",
 "RS" : "Serbia",
 "SC" : "Seychelles",
 "SL" : "Sierra Leone",
 "SG" : "Singapore",
 "SX" : "Sint Maarten (Dutch part)",
 "SK" : "Slovakia",
 "SI" : "Slovenia",
 "SB" : "Solomon Islands",
 "SO" : "Somalia",
 "ZA" : "South Africa",
 "GS" : "South Georgia and the South Sandwich Islands",
 "SS" : "South Sudan",
 "ES" : "Spain",
 "LK" : "Sri Lanka",
 "SD" : "Sudan",
 "SR" : "Suriname",
 "SJ" : "Svalbard and Jan Mayen",
 "SE" : "Sweden",
 "CH" : "Switzerland",
 "SY" : "Syrian Arab Republic",
 "TW" : "Taiwan, Province of China",
 "TZ" : "Tanzania, United Republic of",
 "TH" : "Thailand",
 "TL" : "Timor-Leste",
 "TG" : "Togo",
 "TK" : "Tokelau",
 "TO" : "Tonga",
 "TT" : "Trinidad and Tobago",
 "TN" : "Tunisia",
 "TR" : "Türkiye",
 "TM" : "Turkmenistan",
 "TC" : "Turks and Caicos Islands",
 "TV" : "Tuvalu",
 "UG" : "Uganda",
 "UA" : "Ukraine",
 "AE" : "United Arab Emirates",
 "GB" : "United Kingdom of Great Britain and Northern Ireland",
 "US" : "United States of America",
 "UM" : "United States Minor Outlying Islands",
 "UY" : "Uruguay",
 "UZ" : "Uzbekistan",
 "VU" : "Vanuatu",
 "VE" : "Venezuela (Bolivarian Republic of)",
 "VN" : "Viet Nam",
 "VG" : "Virgin Islands (British)",
 "VI" : "Virgin Islands (U.S.)",
 "WF" : "Wallis and Futuna",
 "EH" : "Western Sahara",
 "YE" : "Yemen",
 "ZM" : "Zambia",
 "ZW" : "Zimbabwe",

 "LINKS": "Links",
 "COOKIES": "Cookies",
 "PRIVACY": "Privacy policy",
 "LEGAL": "Legal notice",

 "DISCLAIMER": "The designations employed and the presentation of material on the map do not imply the expression of any opinion whatsoever on the part of the European Union concerning the legal status of any country, territory or area or of its authorities, or concerning the delimitation of its frontiers or boundaries. Kosovo* - This designation is without prejudice to positions on status, and is in line with UNSCR 1244/1999 and the ICJ Opinion on the Kosovo declaration of independence.",
 "DISCLAIMERTITLE": "Disclaimer",
 
 "COOKIETEXT": "This site uses cookies to offer you a better browsing experience. Find out more on <a href=\"http://ec.europa.eu/cookies/index_en.htm\"  target=\"_self\">how we use cookies.<\/a>",
 "COOKIECOMPLETEclose": "Close",
 "COOKIECOMPLETEacceptAll": "Accept all cookies",
 "COOKIECOMPLETEonlyTechnical": "Accept only essential cookies",
 "COOKIECOMPLETE": "Your cookie preferences have been saved. To change your preferences at any time, see our\u00a0<a href=\"//ec.europa.eu/info/cookies_en\" target=\"_self\">cookies policy<\/a> or visit the link in the page footer.",





 "tutBACK": "Back",
 "tutNEXT": "Next",
 "tutFINISH": "Close",
 "MENU_YEAR": "Select year",
 "EXPORT_FOOTER_TITLE": "Source: Eurostat",
 "DB": "Access to dataset",
 "UNIT": "Unit",
 "YEAR": "Year",
 "TRADE": "Trade",
  "MAINMENU": "Display menu",
  "COUNTRY": "Country",
  "FUEL": "Fuel",
  "CONSUMER": "Consumer",
  "REFERENCE": "Reference period",
  "CONSUME": "Consumption level",
  "FEED": "Feedback",
  "TOOLS": "Tools",
  "%": "in percentages",
  "TOGGLEAGREGATES": "Display aggregates",
  "SELITEN" : "Select an item",
  "NORESULTS" : "No results found",
  "SELALL" : "Select all",
  "CLOSE" : "Close",
  "KEYWORD" : "Enter keyword",

  "infoBtn": "Show info",
  "downloadBtn": "download chart image",
  "shareBtn": "share chart",
  "embebedBtn": "Embebed chart iframe",
  "shareChart": "Share in social media",
  "toggleAgregates": "Display aggregates",
  "tb-togle-order": "Select order of the chart",
  "tb-togle-table": "Display table",
  "barChart": "Display bar Chart",
  "pieChart": "Display pie Chart",
  "lineChart": "Display line Chart",
  "depChart": "Display dependency wheel chart",
  "table": "Display table",
  "createprintChart": "Print chart",
  "downloadChart": "Download chart image",
  "downloadExcel": "Download chart data",
  "embebedeChart": "Embebed chart iframe",
  "closeChart": "Close",
  "twitter": "X",
  "linkedin": "Linkedin",
  "facebook": "Facebook",
  "ACCESS": "Accessibility",
  "PRODUCT": "Select product",
  "PRO": "Product",

  "TRADETITLE": "Energy trade",
  "FACTSHEET": "Open factsheet",
  "DEPTITLE": "World trade of",

  "top5" : "Show top 5 countries",
  "OTH": "Others",

  "HOME": "Home",
  "ZIN": "Zoom in",
  "ZOUT": "Zoom out",
  "FULL": "Fullscreen",
  "CLEAR": "Clear map",

  "sharemodaltitle": "Embed chart",

  "SELECTLANGUAGE": "Select language",
	"OFFICIAL": "Official EU languages:",
	"AGGREGATE": "Aggregate",
	"EUCTR": "EU countries",
	"EFTA": "EFTA countries",
	"ENLARGEMENT": "Enlargement countries",
	"OTHERCTR": "Other third countries",
	"NODATA": "No data available for the current selection"


}