{

 "C0000X0350-0370": "Feste fossile Brennstoffe",
  "C0100": "Steinkohle",
  "C0110": "Anthrazit",
  "C0121": "Kokskohle",
  "C0129": "Sonstige bituminöse Kohle (Kesselkohle)",
  "C0200": "Braunkohle",
  "C0210": "Subbituminöse Kohle",
  "C0220": "Braunkohle",
  "C0311": "Koksofen-Koks",
  "C0320": "Steinkohlenbriketts",
  "C0330": "Braunkohlenbriketts",
  "C0340": "Kohlenteer",
  "P1100": "Torf",
  "P1200": "Torfprodukte",


  "O4000": "Rohöl und Mineralölprodukte ",
  "O4000XBIO": "Öl und Erdölprodukte (ohne Biobrennstoffanteil)",
  "O4100_TOT_4200-4500": "Rohöl, Erdgaskondensate, Raffinerieeinsatzmaterial, Zusatzstoffe und Oxigenate und sonstige Kohlenwasserstoffe",
  "O4100_TOT_4200-4500XBIO": "Rohöl, Erdgaskondensate, Raffinerieeinsatzmaterial, Zusatzstoffe und Oxigenate und sonstige Kohlenwasserstoffe (ohne Biobrennstoffanteil)",
  "O4100_TOT": "Rohöl",
  "O4200": " Erdgaskondensate ",
  "O4300": "Raffinerieeinsatzmaterial",
  "O4400X4410": " Zusatzstoffe und Oxigenate (ohne Biobrennstoffanteil)",
  "O4400": "Zusatzstoffe und  Oxigenate",
  "O4500": "Sonstige Kohlenwasserstoffe",
  "O4600": "Ölprodukte",
  "O4600XBIO": "Ölprodukte (ohne Biobrennstoffanteil)",
  "O4620": "Ethan",
  "O4630": "Flüssiggas",
  "O4640": "Naphtha",
  "O4651": "Flugbenzin",
  "O4652": "Motorenbenzin",
  "O4652XR5210B": "Motorenbenzin (ohne Biobrennstoffanteil)",
  "O4653": "Flugturbinenkraftstoff",
  "O4661": "Flugturbinenkraftstoff auf Petroleumbasis",





  "O4661XR5230B": " Flugturbinenkraftstoff auf Petroleumbasis(ohne Biobrennstoffanteil)",
  "O4669": "Sonstiges Kerosin",

  "O4671": "Dieselöl/Gasöl",

  "O4671XR5220B": " Dieselöl/Gasöl  (ohne Biodiesel)",

  "O46711": "Kraftfahrzeug-Diesel",
  "O46712": "Heizöl und sonstiges Gasöl",

  "O4680": "Heizöle",
  "O4681": "Heizöl (schwefelarm <1%)",
  "O4682": "Heizöl (hoher Schwefelgehalt >1%)",
  "O4691": "Testbenzin und Industriebrennstoffe ",
  "O4692": "Schmierstoffe",
  "O4693": "Paraffinwachse",
  "O4694": "Petrolkoks",
  "O4695": "Bitumen",
  "O4699": "Andere Erzeugnisse, ",
  "R5210B": "Gemischtes Biobenzin",
  "R5220B": "Gemischter Biodiesel", 
  "R5230B": "Gemischte Bioflugturbinenkraftstoff", 


  "G3000": "Erdgas",
  "G3200": "Verflüssigtes Erdgas",

  "R5111": "Holzpellets",
  "R5210P": "Reines Biobenzin",
  "R5210E": "Bioethanol",
  "R5220P": "Reiner Biodiesel",
  "R5230P": "Reiner Bio-Flugturbinenkraftstoff ",	
  "R5290": "Sonstige flüssige Biobrennstoffe",

  "E7000": "Elektrizität",
  "H8000": "Wärme",


  "BOX_FUEL_TITLE": "Kraftstoff auswählen",
  "BOX_UNIT_TITLE": "Einheit auswählen",
  "BOX_TRADE_TITLE": "Handel auswählen",	
  "BOX_COUNTRY_TITLE": "Länder auswählen",	
  
"BOX_MORE_TITLE": "Erfahren Sie mehr",
  "BOX_FILTER_TITLE": "Filter auswählen",
  

  "MENU_FUEL": "Kraftstoff auswählen",	
  "MENU_UNIT": "Einheit auswählen",
  "MENU_TRADE": "Handel auswählen",
  "MENU_MORE": "Erfahren Sie mehr",
  "MENU_FILTER": "Wählen Sie die anzuzeigenden Länder aus",


  "TUTORIAL": "Tutorium",

  "ENTRADE_EXPLAINED": "Handel erklärt",

  "DEFINITIONS": "Zeige Info",

  "METADATA": "Metadaten",

  "ENTRADE_DATASET": "Handelsdatensatz",


  "CONTACT": "Kontaktieren Sie uns",


"MIO_M3": "Million Kubikmeter (MIO_M3)",
"TJ_GCV": "Terajoule (Bruttowärmeinhalt - GCV) (TJ_GCV)",
"THS_T": "Tausend Tonnen (THS_T)",
"GWH": "Gigawattstunde (GWH)",


  "imp": "Einfuhren",
  "exp": "Ausfuhren",

  "solid": "Feste fossile Brennstoffe",
  "oil": "Öl und Erdöl" , 
  "gas": "Erdgas", 
  "biofuels": "Biobrennstoffe", 
  "electricity": "Elektrizität und Wärme",



  "nrg_ti_sff": "Einfuhren von festen fossilen Brennstoffen nach Partnerländern",
  "nrg_ti_oil": "Einfuhren von Erdöl und Erdölprodukten nach Partnerländern",
  "nrg_ti_gas": "Erdgas Einfuhren nach Partnerländern",

  "nrg_ti_bio": "Einfuhren von Biobrennstoffen nach Partnerländern",
  "nrg_ti_eh": "Einfuhren von Strom und Wärme nach Partnerländern",
  "nrg_te_sff": "Ausfuhren von festen fossilen Brennstoffen nach Partnerländern",
  "nrg_te_oil": "Ausfuhren von Erdöl und Erdölprodukten nach Partnerländern",
  "nrg_te_gas": "Ausfuhren von Erdgas nach Partnerländern",
  "nrg_te_bio": "Ausfuhren von Biobrennstoffen nach Partnerländern",
  "nrg_te_eh": "Ausfuhren von Strom und Wärme nach Partnerländern",



  "NSP": "Nicht angegeben",
  "TOTAL": "Gesamt",
  "ASI_OTH": "Andere asiatische Länder (Aggregat ändert sich je nach Kontext)",
  "ASI_NME_OTH": "Andere Länder des Nahen und Mittleren Ostens Asiens",
  "AME_OTH": "Andere amerikanische Länder (Aggregat ändert sich je nach Kontext)",
  "AFR_OTH": "Andere afrikanische Länder (Aggregat ändert sich je nach Kontext)",
  "EUR_OTH": "Andere europäische Länder (Aggregat ändert sich je nach Kontext)",
  "EX_SU_OTH": "Andere Länder der ehemaligen Sowjetunion (vor 1991)",

  



  "all": "Alle Länder",
  "top10": "Top 10 Länder",
  "top25": "Top 25 Länder",

  "FLAG_NA": "Nicht verfügbar",
  "FLAG_C": "Vertraulich",
  "FLAG_P": "vorläufig",
  "FLAG_E": "geschätzt",
  "FLAG_N": "nicht signifikant",
  "FLAG_B": "Bruch in Zeitreihen",
  "FLAG_S": "Eurostat-Schätzung",
  "FLAG_F": "Prognose",
  "FLAG_U": "geringe Zuverlässigkeit",
  "FLAG_D": "Definition unterschiedlich, siehe Metadaten",
  "FLAG_I": "siehe Metadaten",
  "FLAG_R": "überarbeitet",
  "FLAG_Z": "nicht anwendbar",


  
	"error": "Bitte wählen Sie ein Land aus der Europäischen Union, Kandidaten- oder potenzielle Kandidatenländer oder ein Mitglied der Energiegemeinschaft aus",
	"error2": "Keine Daten verfügbar für",
	"error3": "Bitte wählen Sie zuerst ein europäisches Land aus",
	"TitleError3": "Fehler bei den Filteroptionen",
	"nodata": "Keine Daten verfügbar",
  

	"timeChartTitle": "Zeitleiste für den Energiehandel",
	"timeChartSub": "Werte in",
  

	"title1": "Länder",
	"title2": "Werte",
	"title3": "Aggregat",
	"title4": "Von",
	"title5": "zu",
	"title6": "von",
	"title7": "Datensatz herunterladen",
	"title8": "Tabellenansicht",
	"title9": " für das ausgewählte Jahr",
  

	"allbtn": "Alle",
	"top5btn": "Top 5",
	"top10btn": "Top 10",
	"top25btn": "Top 25",
	

	"abr_THS_T": "Kt",
	"abr_MIO_M3": "Mm3",
	"abr_TJ_GCV": "Tj",
	"abr_GWH": "GWH",

  "header-title-label" : "Energiehandel",

	"btn1": "Info anzeigen",
	"btn2": "Kreisdiagramm anzeigen",
	"btn3": "Balkendiagramm anzeigen",
	"btn4": "Zeitliniendiagramm anzeigen",
	"btn5": "Definition anzeigen",
	"btn6": "Animation abspielen",
	"btn7": "Karte löschen",

	"inftitle": "Energiedaten",

  "TABTITLE0": "Definitionen",

  "TABTITLE1": "Energiedaten",
  "TAB1": "Energiestatistiken stehen aufgrund ihrer strategischen Bedeutung für ein wettbewerbsfähiges und nachhaltiges Wirtschaftswachstum im Fokus. In den letzten Jahren sah sich die Europäische Union einer Reihe wichtiger Energiefragen gegenüber. Diese haben das Thema Energie auf den nationalen und europäischen Tagesordnungen weit nach oben gerückt . Energiestatistiken liefern den politischen Entscheidungsträgern wichtige Informationen. Um die stetig steigenden Ansprüche der politischen Entscheidungsträger an die statistische Überwachung im Energiebereich zu erfüllen, hat Eurostat ein schlüssiges und harmonisiertes Energiestatistiksystem entwickelt. Die jährlichen, halbjährlichen und monatlichen Datensammlungen umfassen die EU-Mitgliedstaaten, die Staaten des Europäischen Wirtschaftsraums, Kandidatenländer, potentielle Kandidaten und die Vertragsparteien der Energiegemeinschaft.",

  "TABTITLE2": "Jährliche Energiedaten",
  "TAB2": "Sie sind jährliche Daten für Rohöl, Erdölerzeugnisse, Erdgas, Strom, abgeleitete Wärme, feste Brennstoffe sowie Energie aus erneuerbaren Quellen und Abfall, wobei alle Positionen der Energiebilanz von der Erzeugung über die Umwandlung bis zum Endenergieverbrauch nach Sektoren und Brennstoffarten abgedeckt werden. Jährliche Statistiken für Kernenergie sind ebenfalls verfügbar. Eurostat hat ein <a href=\"//ec.europa.eu/eurostat/cache/sankey/energy/sankey.html\" target=\"_self\"><u>interaktives Tool</u></a>  entwickelt, um jährliche Energiedaten durch Flussdiagramme (sogenannte Sankey-Diagramme) zu visualisieren. Das Tool ermöglicht es Ihnen, Ihr eigenes Diagramm zusammenzustellen und verschiedene Optionen (Land, Jahr, Kraftstoff, Detailgrad, etc.) auszuprobieren.",

  "TABTITLE3": "Monatliche Energiedaten",
  "TAB3": "Eurostat sammelt und veröffentlicht monatliche Energiedaten zur Versorgung und in begrenztem Umfang zum Verbrauch verschiedener Kraftstoffe; Diese Daten umfassen derzeit die Kohlen / feste fossile Brennstoffe, Erdgas, Öl und Ölprodukte und Strom. Eurostat hat ein interaktives Tool entwickelt, um monatliche Energiedaten durch Diagramme zu visualisieren.",

  "TABTITLE4": "Energiepreisen",
  "TAB4": "Sie sind halbjährliche und jährliche Zahlen zu Elektrizitäts-(or: Strom-) und Erdgaspreisen werden geliefert sowohl für Nicht-Haushaltskunden als auch für Haushaltskunden und für verschiedene Verbrauchsspannen. Halbjährliche Preise werden ohne Steuern, mit Mehrwertsteuer und einschließlich aller Steuern angegeben. Jährliche Daten bestehen aus mehr Preiskomponenten wie den Energiekosten, den Kosten für das Stromnetz und den Steuern. Zusätzlich werden nationale Durchschnittspreise für diese Preiskomponenten angegeben. Eurostat hat ein <a href=\"//ec.europa.eu/eurostat/cache/infographs/energy_prices/enprices.html\" target=\"_self\"><u>interaktives Tool</u></a> entwickelt, um Zahlen zu Elektrizitäts-(or: Strom-) und Erdgaspreisen durch Diagramme zu visualisieren.",

  "TABTITLE5": "Energieindikatoren",
  "TAB5": "Eurostat produziert einige ausgewählte Energieindikatoren aus den Hauptbereichen der europäischen Politik (Beispiel: Anteil der Energie aus erneuerbaren Quellen). Eurostat hat ein interaktives Tool entwickelt, um Energieindikatoren durch Diagramme zu visualisieren.",
  "mobileWarning": "Dieses Tool ist nicht für kleine Bildschirme konzipiert. Vielen Dank für Ihr Verständnis",

  "EL": "Griechenland",
  "UK": "United Kingdom",
  "XK": "Kosovo (gemäß Resolution 1244/99 des Sicherheitsrates der Vereinten Nationen)",
  "KS": "Kosovo (gemäß Resolution 1244/99 des Sicherheitsrates der Vereinten Nationen)",
  "XKmobile": "Kosovo",
"other": "andere",
   "AF" : "Afghanistan",
   "EG" : "Ägypten",
   "AX" : "Åland",
   "AL" : "Albanien",
   "DZ" : "Algerien",
   "AS" : "Amerikanisch-Samoa",
   "VI" : "Amerikanische Jungferninseln",
   "AD" : "Andorra",
   "AO" : "Angola",
   "AI" : "Anguilla",
   "AQ" : "Antarktis (Sonderstatus durch Antarktisvertrag)",
   "AG" : "Antigua und Barbuda",
   "GQ" : "Äquatorialguinea",
   "AR" : "Argentinien",
   "AM" : "Armenien",
   "AW" : "Aruba",
   "AZ" : "Aserbaidschan",
   "ET" : "Äthiopien",
   "AU" : "Australien",
   "BS" : "Bahamas",
   "BH" : "Bahrain",
   "BD" : "Bangladesch",
   "BB" : "Barbados",
   "BY" : "Belarus",
   "BE" : "Belgien",
   "BZ" : "Belize",
   "BJ" : "Benin",
   "BM" : "Bermuda",
   "BT" : "Bhutan",
   "BO" : "Bolivien",
   "BQ" : "Bonaire, Saba, Sint Eustatius",
   "BA" : "Bosnien und Herzegowina",
   "BW" : "Botswana",
   "BV" : "Bouvetinsel",
   "BR" : "Brasilien",
   "VG" : "Britische Jungferninseln",
   "IO" : "Britisches Territorium im Indischen Ozean",
   "BN" : "Brunei",
   "BG" : "Bulgarien",
   "BF" : "Burkina Faso",
   "BI" : "Burundi",
   "CL" : "Chile",
   "CN" : "Volksrepublik China",
   "CK" : "Cookinseln",
   "CR" : "Costa Rica",
   "CW" : "Curaçao",
   "DK" : "Dänemark",
   "DE" : "Deutschland",
   "DM" : "Dominica",
   "DO" : "Dominikanische Republik",
   "DJ" : "Dschibuti",
   "EC" : "Ecuador",
   "CI" : "Elfenbeinküste",
   "SV" : "El Salvador",
   "ER" : "Eritrea",
   "EE" : "Estland",
   "SZ" : "Eswatini",
   "FK" : "Falklandinseln",
   "FO" : "Färöer",
   "FJ" : "Fidschi",
   "FI" : "Finnland",
   "FR" : "Frankreich",
   "GF" : "Französisch-Guayana",
   "PF" : "Französisch-Polynesien",
   "TF" : "Französische Süd- und Antarktisgebiete",
   "GA" : "Gabun",
   "GM" : "Gambia",
   "GE" : "Georgien",
   "GH" : "Ghana",
   "GI" : "Gibraltar",
   "GD" : "Grenada",
   "GR" : "Griechenland",
   "GL" : "Grönland",
   "GP" : "Guadeloupe",
   "GU" : "Guam",
   "GT" : "Guatemala",
   "GG" : "Guernsey (Kanalinsel)",
   "GN" : "Guinea",
   "GW" : "Guinea-Bissau",
   "GY" : "Guyana",
   "HT" : "Haiti",
   "HM" : "Heard und McDonaldinseln",
   "HN" : "Honduras",
   "HK" : "Hongkong",
   "IN" : "Indien",
   "ID" : "Indonesien",
   "IM" : "Insel Man",
   "IQ" : "Irak",
   "IR" : "Iran",
   "IE" : "Irland",
   "IS" : "Island",
   "IL" : "Israel",
   "IT" : "Italien",
   "JM" : "Jamaika",
   "JP" : "Japan",
   "YE" : "Jemen",
   "JE" : "Jersey (Kanalinsel)",
   "JO" : "Jordanien",
   "KY" : "Kaimaninseln",
   "KH" : "Kambodscha",
   "CM" : "Kamerun",
   "CA" : "Kanada",
   "CV" : "Kap Verde",
   "KZ" : "Kasachstan",
   "QA" : "Katar",
   "KE" : "Kenia",
   "KG" : "Kirgisistan",
   "KI" : "Kiribati",
   "CC" : "Kokosinseln",
   "CO" : "Kolumbien",
   "KM" : "Komoren",
   "CD" : "Kongo, Demokratische Republik",
   "CG" : "Kongo, Republik",
   "KP" : "Korea, Nord",
   "KR" : "Korea, Süd",
   "HR" : "Kroatien",
   "CU" : "Kuba",
   "KW" : "Kuwait",
   "LA" : "Laos",
   "LS" : "Lesotho",
   "LV" : "Lettland",
   "LB" : "Libanon",
   "LR" : "Liberia",
   "LY" : "Libyen",
   "LI" : "Liechtenstein",
   "LT" : "Litauen",
   "LU" : "Luxemburg",
   "MO" : "Macau",
   "MG" : "Madagaskar",
   "MW" : "Malawi",
   "MY" : "Malaysia",
   "MV" : "Malediven",
   "ML" : "Mali",
   "MT" : "Malta",
   "MA" : "Marokko",
   "MH" : "Marshallinseln",
   "MQ" : "Martinique",
   "MR" : "Mauretanien",
   "MU" : "Mauritius",
   "YT" : "Mayotte",
   "MX" : "Mexiko",
   "FM" : "Mikronesien",
   "MD" : "Moldau",
   "MC" : "Monaco",
   "MN" : "Mongolei",
   "ME" : "Montenegro",
   "MS" : "Montserrat",
   "MZ" : "Mosambik",
   "MM" : "Myanmar",
   "NA" : "Namibia",
   "NR" : "Nauru",
   "NP" : "Nepal",
   "NC" : "Neukaledonien",
   "NZ" : "Neuseeland",
   "NI" : "Nicaragua",
   "NL" : "Niederlande",
   "NE" : "Niger",
   "NG" : "Nigeria",
   "NU" : "Niue",
   "MP" : "Nördliche Marianen",
   "MK" : "Nordmazedonien",
   "NF" : "Norfolkinsel",
   "NO" : "Norwegen",
   "OM" : "Oman",
   "AT" : "Österreich",
   "TL" : "Osttimor",
   "PK" : "Pakistan",
   "PS" : "Palästina",
   "PW" : "Palau",
   "PA" : "Panama",
   "PG" : "Papua-Neuguinea",
   "PY" : "Paraguay",
   "PE" : "Peru",
   "PH" : "Philippinen",
   "PN" : "Pitcairninseln",
   "PL" : "Polen",
   "PT" : "Portugal",
   "PR" : "Puerto Rico",
   "RE" : "Réunion",
   "RW" : "Ruanda",
   "RO" : "Rumänien",
   "RU" : "Russland",
   "SB" : "Salomonen",
   "BL" : "Saint-Barthélemy",
   "MF" : "Saint-Martin (französischer Teil)",
   "ZM" : "Sambia",
   "WS" : "Samoa",
   "SM" : "San Marino",
   "ST" : "São Tomé und PrÃ­ncipe",
   "SA" : "Saudi-Arabien",
   "SE" : "Schweden",
   "CH" : "Schweiz",
   "SN" : "Senegal",
   "RS" : "Serbien",
   "SC" : "Seychellen",
   "SL" : "Sierra Leone",
   "ZW" : "Simbabwe",
   "SG" : "Singapur",
   "SX" : "Sint Maarten",
   "SK" : "Slowakei",
   "SI" : "Slowenien",
   "SO" : "Somalia",
   "ES" : "Spanien",
   "LK" : "Sri Lanka",
   "SH" : "St. Helena, Ascension und Tristan da Cunha",
   "KN" : "St. Kitts und Nevis",
   "LC" : "St. Lucia",
   "PM" : "Saint-Pierre und Miquelon",
   "VC" : "St. Vincent und die Grenadinen",
   "ZA" : "Südafrika",
   "SD" : "Sudan",
   "GS" : "Südgeorgien und die Südlichen Sandwichinseln",
   "SS" : "Südsudan",
   "SR" : "Suriname",
   "SJ" : "Spitzbergen und Jan Mayen",
   "SY" : "Syrien",
   "TW" : "Republik China",
   "TZ" : "Tansania",
   "TH" : "Thailand",
   "TG" : "Togo",
   "TK" : "Tokelau",
   "TO" : "Tonga",
   "TT" : "Trinidad und Tobago",
   "TD" : "Tschad",
   "CZ" : "Tschechien",
   "TN" : "Tunesien",
   "TR" : "Türkei",
   "TM" : "Turkmenistan",
   "TC" : "Turks- und Caicosinseln",
   "TV" : "Tuvalu",
   "UG" : "Uganda",
   "UA" : "Ukraine",
   "HU" : "Ungarn",
   "UM" : "United States Minor Outlying Islands",
   "UY" : "Uruguay",
   "UZ" : "Usbekistan",
   "VU" : "Vanuatu",
   "VA" : "Vatikanstadt",
   "VE" : "Venezuela",
   "AE" : "Vereinigte Arabische Emirate",
   "US" : "Vereinigte Staaten",
   "GB" : "Vereinigtes Königreich",
   "VN" : "Vietnam",
   "WF" : "Wallis und Futuna",
   "CX" : "Weihnachtsinsel",
   "EH" : "Westsahara",
   "CF" : "ZentralÂ­afrikanische Republik",
   "CY" : "Zypern",

   "LINKS": "Links",
   "COOKIES": "Cookies",
   "PRIVACY": "Datenschutz",
   "LEGAL": "Rechtlicher Hinweis",

   "DISCLAIMER": "Die verwendeten Bezeichnungen und die Darstellung des Materials auf der Karte implizieren keinerlei Meinungsäußerung seitens der Europäischen Union zum Rechtsstatus eines Landes, Territoriums oder Gebiets oder seiner Behörden oder zur Abgrenzung seiner Grenzen oder Grenzen. Kosovo* – Diese Bezeichnung berührt nicht die Standpunkte zum Status und steht im Einklang mit UNSCR 1244/1999 und dem Gutachten des Internationalen Gerichtshofs zur Unabhängigkeitserklärung des Kosovo.",
   "DISCLAIMERTITLE": "Haftungsausschluss",

   "COOKIETEXT": "Im Interesse der Benutzerfreundlichkeit verwenden wir auf unseren Seiten Cookies. Erfahren Sie mehr \u00fcber <a href=\"//ec.europa.eu/cookies/index_de.htm\" target=\"_self\">unsere Cookie-Politik.</a>",
   "COOKIECOMPLETEclose": "Schlie\u00dfen",
   "COOKIECOMPLETEacceptAll": "Alle Cookies akzeptieren",
   "COOKIECOMPLETEonlyTechnical": "Nur unbedingt notwendige Cookies akzeptieren",
   "COOKIECOMPLETE": "Ihre Cookie-Pr\u00e4ferenzen wurden gespeichert. Sie k\u00f6nnen sie jederzeit \u00e4ndern. Informieren Sie sich \u00fcber unsere <a href=\"//ec.europa.eu/info/cookies_de\" target=\"_self\">Cookie-Politik</a> oder klicken Sie auf den Link in der Fu\u00dfzeile.",

   "tutBACK": "Zurück",
   "tutNEXT": "Weiter",
   "tutFINISH": "Schließen",
   "MENU_YEAR": "Jahr auswählen",
   "EXPORT_FOOTER_TITLE": "Quelle: Eurostat",
   "DB": "Zugriff auf Datensatz",
   "UNIT": "Einheit",
   "YEAR": "Jahr",
   "TRADE": "Handel",
   "MAINMENU": "Hauptmenü",
   "COUNTRY": "Land",
   "FUEL": "Kraftstoff",
   "CONSUMER": "Verbraucher",
   "REFERENCE": "Referenzperiode",
   "CONSUME": "Verbrauchsniveau",
   "FEED": "Feedback",
   "TOOLS": "Werkzeuge",
   "%": "in Prozent",
   "TOGGLEAGREGATES": "Aggregierte anzeigen",
   "SELITEN": "Ein Element auswählen",
   "NORESULTS": "Keine Ergebnisse gefunden",
   "SELALL": "Alle auswählen",
   "CLOSE": "Schließen",
   "KEYWORD": "Stichwort eingeben",
   "infoBtn": "Info anzeigen",
   "downloadBtn": "Diagrammbild herunterladen",
   "shareBtn": "Diagramm teilen",
   "embebedBtn": "Diagramm einbetten (iframe)",
   "shareChart": "In sozialen Medien teilen",
   "toggleAgregates": "Aggregierte anzeigen",
   "tb-togle-order": "Diagrammreihenfolge auswählen",
   "tb-togle-table": "Tabelle anzeigen",
   "barChart": "Balkendiagramm anzeigen",
   "pieChart": "Kreisdiagramm anzeigen",
   "lineChart": "Liniendiagramm anzeigen",
   "depChart": "Abhängigkeitsraddiagramm anzeigen",
   "table": "Tabelle anzeigen",
   "createprintChart": "Diagramm drucken",
   "downloadChart": "Diagrammbild herunterladen",
   "downloadExcel": "Diagrammdaten herunterladen",
   "embebedeChart": "Diagramm einbetten (iframe)",
   "closeChart": "Schließen",
   "twitter": "X",
   "linkedin": "Linkedin",
   "facebook": "Facebook",
   "ACCESS": "Barrierefreiheit",
   "PRODUCT": "Produkt auswählen",
   "PRO": "Produkt",
   "TRADETITLE": "Energiehandel",
   "FACTSHEET": "Faktenblatt öffnen",
   "DEPTITLE": "Weltweiter Handel mit",
   "top5": "Top 5 Länder anzeigen",
   "OTH": "Andere",


   "HOME": "Home",
   "ZIN": "Heranzoomen",
   "ZOUT": "Herauszoomen",
   "PLEIN": "Vollbild",
   "CLEAR": "Karte löschen",

   "SELECTLANGUAGE": "Sprache auswählen",
   "OFFICIAL": "Amtssprachen der EU:", 
   "AGGREGATE": "Aggregat",
   "EUCTR": "EU-Länder",
   "EFTA": "EFTA-Länder",
   "ENLARGEMENT": "Erweiterungsländer",
   "OTHERCTR": "Andere Drittländer",
   "PERCENTAGE": "Prozentsatz",
	"NODATA": "Keine Daten für die aktuelle Auswahl verfügbar."
  

}